field_id,N,P,K,temperature,humidity,ph,rainfall,crop
FIELD_001,92.8,35.5,37.8,23.1,85.9,6.52,251.4,Rice
FIELD_002,81.7,43.4,35.3,23.1,84.0,5.54,195.9,Rice
FIELD_003,93.0,45.9,37.2,24.9,86.5,5.51,244.5,Rice
FIELD_004,94.0,41.8,36.6,26.8,82.7,5.64,187.7,Rice
FIELD_005,96.9,47.1,43.1,25.6,84.3,6.96,210.3,Rice
FIELD_006,91.0,51.6,41.2,26.3,84.6,6.56,183.7,Rice
FIELD_007,84.6,40.8,35.8,23.2,80.8,5.92,230.9,Rice
FIELD_008,87.3,42.4,37.1,23.3,87.5,6.47,228.7,Rice
FIELD_009,18.4,64.6,22.5,18.7,67.9,6.77,75.1,Wheat
FIELD_010,28.7,66.9,31.6,17.6,55.4,6.38,62.0,Wheat
FIELD_011,19.2,68.9,33.1,18.2,63.5,6.47,91.2,Wheat
FIELD_012,24.2,55.3,23.7,19.9,58.4,6.7,90.4,Wheat
FIELD_013,23.0,54.4,35.0,19.6,56.2,6.06,54.9,Wheat
FIELD_014,27.5,65.8,26.3,16.4,60.0,7.2,73.8,Wheat
FIELD_015,34.4,67.2,20.2,21.0,63.9,6.64,62.0,Wheat
FIELD_016,27.8,52.2,26.5,19.2,67.4,7.05,61.9,Wheat
FIELD_017,25.0,53.6,33.7,22.1,58.9,6.77,77.4,Wheat
FIELD_018,68.1,51.4,23.4,26.7,68.0,5.8,79.6,Maize
FIELD_019,65.4,53.9,26.8,27.0,64.6,5.88,104.5,Maize
FIELD_020,83.9,41.3,22.9,22.4,71.4,6.87,70.8,Maize
FIELD_021,74.5,48.2,20.7,27.2,66.3,6.1,89.3,Maize
FIELD_022,79.6,43.0,21.1,28.0,69.7,6.41,88.3,Maize
FIELD_023,67.4,43.4,21.4,25.5,63.5,6.11,68.2,Maize
FIELD_024,77.6,43.4,27.1,27.2,61.1,6.13,95.1,Maize
FIELD_025,69.3,42.0,27.4,25.4,67.1,6.9,101.3,Maize
FIELD_026,68.8,41.5,22.3,24.5,67.0,6.82,95.3,Maize
FIELD_027,44.7,62.0,79.0,18.4,21.0,7.3,70.7,Chickpea
FIELD_028,34.0,68.4,77.8,18.0,21.5,7.53,90.8,Chickpea
FIELD_029,36.0,61.0,85.0,20.3,21.8,8.11,90.5,Chickpea
FIELD_030,28.3,69.7,77.1,18.6,15.4,7.45,94.6,Chickpea
FIELD_031,30.3,75.7,79.6,18.7,21.7,8.19,81.7,Chickpea
FIELD_032,39.4,63.1,78.0,20.9,19.1,7.65,87.4,Chickpea
FIELD_033,26.1,71.7,80.0,20.4,16.1,8.15,67.4,Chickpea
FIELD_034,28.7,71.9,81.8,17.9,15.8,8.07,72.4,Chickpea
FIELD_035,28.1,67.4,21.4,22.7,67.2,7.43,46.7,Lentil
FIELD_036,30.2,59.8,21.2,23.4,65.0,6.82,59.3,Lentil
FIELD_037,19.2,64.2,26.0,26.0,62.7,6.71,48.1,Lentil
FIELD_038,33.9,72.6,25.0,21.0,63.6,7.33,58.2,Lentil
FIELD_039,28.4,74.7,23.2,18.1,70.2,6.8,57.3,Lentil
FIELD_040,34.0,57.7,18.9,18.9,67.5,6.77,55.9,Lentil
FIELD_041,30.2,59.1,23.1,20.1,66.9,7.41,61.5,Lentil
FIELD_042,19.6,63.5,20.2,18.0,69.7,7.14,48.0,Lentil
FIELD_043,36.8,70.8,41.1,21.1,66.8,6.88,85.5,Soybean
FIELD_044,32.9,75.4,43.0,21.9,67.3,6.31,85.4,Soybean
FIELD_045,37.9,75.8,46.8,22.3,68.5,6.1,82.3,Soybean
FIELD_046,39.7,68.5,43.4,21.9,75.3,6.86,87.4,Soybean
FIELD_047,38.2,76.1,36.3,25.4,69.3,6.93,82.9,Soybean
FIELD_048,39.3,75.0,39.2,25.7,67.1,6.87,84.3,Soybean
FIELD_049,26.4,75.1,41.5,22.8,74.0,6.23,62.6,Soybean
FIELD_050,25.9,67.3,46.4,26.8,68.8,6.64,72.4,Soybean
FIELD_051,134.5,48.7,23.5,23.6,84.7,6.49,93.9,Cotton
FIELD_052,116.6,40.2,19.5,26.6,78.8,7.17,80.3,Cotton
FIELD_053,119.6,49.5,18.0,26.5,76.0,7.68,81.2,Cotton
FIELD_054,128.0,52.8,21.4,24.8,76.6,7.26,74.9,Cotton
FIELD_055,117.8,55.0,21.8,24.5,78.8,6.85,77.1,Cotton
FIELD_056,117.4,40.5,19.4,27.7,82.1,7.64,83.5,Cotton
FIELD_057,117.5,49.0,16.0,24.4,79.9,7.13,84.6,Cotton
FIELD_058,121.6,46.8,17.7,25.4,84.1,7.47,70.1,Cotton
FIELD_059,112.1,48.3,21.1,24.7,83.4,7.4,85.2,Cotton
FIELD_060,109.5,22.4,22.2,27.2,83.8,7.27,165.8,Sugarcane
FIELD_061,113.3,27.6,23.9,29.5,84.0,6.37,212.5,Sugarcane
FIELD_062,105.1,29.0,29.7,26.5,83.4,6.26,236.6,Sugarcane
FIELD_063,115.4,20.6,24.5,30.2,83.7,7.2,213.4,Sugarcane
FIELD_064,124.8,27.1,31.5,30.5,84.9,7.08,200.4,Sugarcane
FIELD_065,121.6,26.6,31.0,29.7,83.8,6.39,179.8,Sugarcane
FIELD_066,117.8,29.2,27.2,29.1,82.2,6.12,182.9,Sugarcane
FIELD_067,110.4,23.8,27.4,26.7,81.9,7.04,216.5,Sugarcane
FIELD_068,91.6,23.7,31.4,25.1,54.9,6.7,190.7,Coffee
FIELD_069,104.6,27.7,34.6,26.8,57.3,6.21,165.8,Coffee
FIELD_070,108.8,29.9,35.5,25.1,62.5,6.86,177.1,Coffee
FIELD_071,95.5,21.1,30.4,23.1,56.7,7.01,168.2,Coffee
FIELD_072,94.1,24.5,27.3,26.1,52.4,6.67,175.4,Coffee
FIELD_073,90.7,27.0,27.4,25.3,52.7,6.65,159.5,Coffee
FIELD_074,98.2,28.7,29.8,26.8,63.6,6.5,153.7,Coffee
FIELD_075,90.5,25.6,36.0,24.7,61.1,7.14,179.3,Coffee
FIELD_076,108.9,31.3,28.0,23.1,54.1,6.35,180.1,Coffee
FIELD_077,111.3,75.5,53.0,28.8,77.7,6.21,111.4,Banana
FIELD_078,102.3,85.1,55.6,25.5,76.3,5.91,109.6,Banana
FIELD_079,119.2,78.3,53.2,25.4,82.9,6.23,94.6,Banana
FIELD_080,115.4,85.6,52.0,25.6,85.8,6.38,101.0,Banana
FIELD_081,108.6,77.9,51.1,26.7,84.5,6.42,94.7,Banana
FIELD_082,119.2,82.2,54.3,28.5,80.4,6.33,117.1,Banana
FIELD_083,105.4,84.9,51.4,27.4,80.4,6.33,99.0,Banana
FIELD_084,117.0,85.3,46.9,29.4,78.4,6.06,107.9,Banana
FIELD_085,28.1,20.4,34.5,29.5,48.1,5.92,92.8,Mango
FIELD_086,36.1,29.8,28.8,28.1,55.5,4.92,98.1,Mango
FIELD_087,29.8,30.6,32.9,33.2,50.9,5.91,89.3,Mango
FIELD_088,25.5,29.7,29.1,32.7,50.7,5.54,94.0,Mango
FIELD_089,33.9,24.6,33.0,30.2,48.5,4.97,90.7,Mango
FIELD_090,23.9,27.5,33.6,29.5,48.2,5.48,98.1,Mango
FIELD_091,37.6,27.3,28.8,28.8,47.9,5.12,90.5,Mango
FIELD_092,22.2,27.5,28.7,35.8,51.5,5.78,89.8,Mango
FIELD_093,35.9,17.9,34.7,27.3,95.3,6.04,167.9,Coconut
FIELD_094,22.8,23.3,30.8,28.3,94.8,5.67,199.1,Coconut
FIELD_095,22.9,13.8,31.6,26.2,99.0,5.72,208.5,Coconut
FIELD_096,31.7,21.5,28.3,27.1,95.2,6.04,215.2,Coconut
FIELD_097,37.8,15.7,32.2,27.4,97.2,6.55,169.5,Coconut
FIELD_098,25.4,19.9,27.6,25.7,92.5,5.6,186.5,Coconut
FIELD_099,31.5,15.5,28.3,27.8,96.9,6.05,203.1,Coconut
FIELD_100,36.8,21.5,32.3,27.6,98.5,6.03,193.1,Coconut
